source,url,id,title,tags,rating,style_notes,keep_reason,width,height,author,nsfw_level,ai_generated,base_model,quality,visual_review,collected_via,create_date,body_bucket,pool
pixiv,https://www.pixiv.net/artworks/146284294,146284294,あまあまの基準がバグってるご奉仕アンドロイド③,R-18|オリジナル|巨乳|女性上位|逆レイプ|女性優位|アンドロイド|長身女性|対面立位|女性型アンドロイド,adult,2D anime illustration; original character; adult figure; tall adult figure; adult-rated source,"Popular R-18 search 2025-09-27..2026-09-27 (curvy, 14037 bookmarks). Metadata screen passed. Full-size review is still required before training.",2591,3624,Noe🎺DL同人販売中！,R-18,no,,14037,pending,pixiv_popular_date_window,2026-06-21,curvy,hot
pixiv,https://www.pixiv.net/artworks/137239285,137239285,聖女様の純潔おま〇こでドスケベ解呪,R-18|爆乳|R18|お姉さん|中出し|吊り乳|聖女|性職者,adult,2D anime illustration; adult-rated source,"Popular R-18 search 2025-09-27..2026-09-27 (average, 11141 bookmarks). Metadata screen passed. Full-size review is still required before training.",1498,1200,わさわ＠skeb受付中！,R-18,no,,11141,pending,pixiv_popular_date_window,2025-11-08,average,hot
pixiv,https://www.pixiv.net/artworks/144137904,144137904,その後の『疲労れたときにはオナホがいいね』GW篇＆告知,R-18|お姉さん|金ビキニ|ゴールデンウィーク|最大12連休|tomboy_slut|金色ビキニ,adult,2D anime illustration; adult-rated source,"Popular R-18 search 2025-09-27..2026-09-27 (average, 8933 bookmarks). Metadata screen passed. Full-size review is still required before training.",1062,1505,にむの,R-18,no,,8933,pending,pixiv_popular_date_window,2026-04-29,average,hot
pixiv,https://www.pixiv.net/artworks/145151579,145151579,ベーシストのお姉さん　お前は私のモノだっていい加減理解しろ編,R-18|ラブラブ|爆乳|巨乳|純愛|男性受け|女性上位,adult,2D anime illustration; adult figure; adult-rated source,"Popular R-18 search 2025-09-27..2026-09-27 (curvy, 8761 bookmarks). Metadata screen passed. Full-size review is still required before training.",1581,2328,えいじあ/Eisia,R-18,no,,8761,pending,pixiv_popular_date_window,2026-05-24,curvy,hot
pixiv,https://www.pixiv.net/artworks/137516662,137516662,貞操観念がバグってるダウナー系お姉さん,R-18|女の子|おっぱい|お姉さん|ダウナー系|陰毛|助かる|オリジナル1000users入り,adult,2D anime illustration; original character; adult-rated source,"Popular R-18 search 2025-09-27..2026-09-27 (average, 7422 bookmarks). Metadata screen passed. Full-size review is still required before training.",2508,3541,ティアノブルー,R-18,no,,7422,pending,pixiv_popular_date_window,2025-11-15,average,hot
pixiv,https://www.pixiv.net/artworks/144479171,144479171,GW金ボディコン見抜き許可デカ女,R-18|オリジナル|nsfw|お姉さん|オナニー|金ビキニ|女オナニー|ボディコン|長手袋,adult,2D anime illustration; original character; adult-rated source,"Popular R-18 search 2025-09-27..2026-09-27 (average, 7288 bookmarks). Metadata screen passed. Full-size review is still required before training.",3750,2800,脳みそ海綿隊,R-18,no,,7288,pending,pixiv_popular_date_window,2026-05-07,average,hot
pixiv,https://www.pixiv.net/artworks/136563759,136563759,Jennifer - Public Flashing,R-18|お姉さん|パンモロ|乳出し|たくしあげ|露出|酔っ払い|陥没乳首|豹柄|ビッチ,adult,2D anime illustration; adult-rated source,"Popular R-18 search 2025-09-27..2026-09-27 (average, 6939 bookmarks). Metadata screen passed. Full-size review is still required before training.",1142,1440,Fellatrix,R-18,no,,6939,pending,pixiv_popular_date_window,2025-10-22,average,hot
pixiv,https://www.pixiv.net/artworks/143553757,143553757,自分のものにしたい高身長後輩女子ちゃん,R-18|ドMホイホイ|逆レイプ|巨乳|手コキ|体格差|長身女性|素股|逆体格差,adult,2D anime illustration; adult figure; tall adult figure; adult-rated source,"Popular R-18 search 2025-09-27..2026-09-27 (curvy, 6730 bookmarks). Metadata screen passed. Full-size review is still required before training.",2894,4093,まれいばく,R-18,no,,6730,pending,pixiv_popular_date_window,2026-04-14,curvy,hot
pixiv,https://www.pixiv.net/artworks/136408661,136408661,猫になったダウナー研究者お姉さん　2,オリジナル|ダウナー研究者お姉さん|青空杏花|R-18|超可愛|腰トン|ねこ娘,adult,2D anime illustration; original character; adult-rated source,"Popular R-18 search 2025-09-27..2026-09-27 (average, 6393 bookmarks). Metadata screen passed. Full-size review is still required before training.",1448,2048,優しい内臓,R-18,no,,6393,pending,pixiv_popular_date_window,2025-10-18,average,hot
pixiv,https://www.pixiv.net/artworks/141918488,141918488,鹿野美香,R-18|女の子|かわいい|黒髪|猿轡|緊縛|女性|オリジナル|巨乳|ボールギャグ,adult,2D anime illustration; original character; adult figure; adult-rated source,"Popular R-18 search 2025-09-27..2026-09-27 (curvy, 6370 bookmarks). Metadata screen passed. Full-size review is still required before training.",5016,3541,mik@n,R-18,no,,6370,pending,pixiv_popular_date_window,2026-03-04,curvy,hot
pixiv,https://www.pixiv.net/artworks/146969104,146969104,ビーチで睡眠姦されるオーガのお姉さん,R-18|爆乳|お姉さん|中出し|ビキニ|オーガ娘|体格差|まんぐり返し,adult,2D anime illustration; adult-rated source,"Popular R-18 search 2025-09-27..2026-09-27 (average, 6248 bookmarks). Metadata screen passed. Full-size review is still required before training.",1120,1520,わさわ＠skeb受付中！,R-18,no,,6248,pending,pixiv_popular_date_window,2026-07-08,average,hot
pixiv,https://www.pixiv.net/artworks/143267786,143267786,母乳体質の体育教師　牛田メグミ先生,R-18|爆乳|オリジナル|お姉さん|年上|母乳|でかぱい|先生×生徒|日焼け跡,adult,2D anime illustration; original character; adult-rated source,"Popular R-18 search 2025-09-27..2026-09-27 (average, 6054 bookmarks). Metadata screen passed. Full-size review is still required before training.",1200,1600,わさわ＠skeb受付中！,R-18,no,,6054,pending,pixiv_popular_date_window,2026-04-07,average,hot
pixiv,https://www.pixiv.net/artworks/144102679,144102679,「おせっせ残業♡」深夜のオフィスリクエスト♡,乳吸い|正常位|種付けプレス|女性上位|中出し|だいしゅきほーるど|巨乳|母乳|危険日|でかぱい,adult,2D anime illustration; adult figure; adult-rated source,"Popular R-18 search 2025-09-27..2026-09-27 (curvy, 6038 bookmarks). Metadata screen passed. Full-size review is still required before training.",1488,1049,福猫,R-18,no,,6038,pending,pixiv_popular_date_window,2026-04-28,curvy,hot
pixiv,https://www.pixiv.net/artworks/140468262,140468262,Horny Linder Sisters,R-18|ローアングル|セルライト|むちむち|長身女性|筋肉娘|ぽっちゃり|母乳|長乳首|巨乳輪,adult,2D anime illustration; adult figure; tall adult figure; adult-rated source,"Popular R-18 search 2025-09-27..2026-09-27 (curvy, 5731 bookmarks). Metadata screen passed. Full-size review is still required before training.",1147,1440,Fellatrix,R-18,no,,5731,pending,pixiv_popular_date_window,2026-01-28,curvy,hot
pixiv,https://www.pixiv.net/artworks/144186055,144186055,お見送り＆お出迎え,R-18|たかぎさん|肉オナホ|綺麗なお姉さん|不死|いってらっしゃいのチュー|猿轡,adult,2D anime illustration; adult-rated source,"Popular R-18 search 2025-09-27..2026-09-27 (average, 5646 bookmarks). Metadata screen passed. Full-size review is still required before training.",2000,1866,おにくやさん,R-18,no,,5646,pending,pixiv_popular_date_window,2026-04-30,average,hot
pixiv,https://www.pixiv.net/artworks/142528094,142528094,泊めてあげるだけで蒸れデニ尻顔騎手コキしてくれる金髪姉ちゃん,R-18|オリジナル|年上|お姉さん|尻|デニム|ドMホイホイ|顔面騎乗,adult,2D anime illustration; original character; adult-rated source,"Popular R-18 search 2025-09-27..2026-09-27 (average, 5582 bookmarks). Metadata screen passed. Full-size review is still required before training.",1253,1003,きんなぎ,R-18,no,,5582,pending,pixiv_popular_date_window,2026-03-20,average,hot
pixiv,https://www.pixiv.net/artworks/142892417,142892417,昼と夜で立場逆転する上司と部下,R-18|漫画|オリジナル|陰毛|巨乳|女性上位|ちんぐり騎乗位|逆転なし|対面立位,adult,2D anime illustration; original character; adult figure; adult-rated source,"Popular R-18 search 2025-09-27..2026-09-27 (curvy, 5465 bookmarks). Metadata screen passed. Full-size review is still required before training.",2591,3624,Noe🎺DL同人販売中！,R-18,no,,5465,pending,pixiv_popular_date_window,2026-03-29,curvy,hot
pixiv,https://www.pixiv.net/artworks/144090434,144090434,Helen,R-18|ドールズフロントライン2|DP-12(ドールズフロントライン)|巨乳|フェラチオ|大人の女性|少前2:追放|ドールズフロントライン|Helen,adult,2D anime illustration; adult figure; adult-rated source,"Popular R-18 search 2025-09-27..2026-09-27 (curvy, 5367 bookmarks). Metadata screen passed. Full-size review is still required before training.",3768,2970,Akazuan_19,R-18,no,,5367,pending,pixiv_popular_date_window,2026-04-28,curvy,hot
pixiv,https://www.pixiv.net/artworks/145196850,145196850,Samples,R-18|巨乳|NTR|laliberte|おっぱい|アナル舐め手コキ|女性を乳首責め|種付けプレス|捜査官,adult,2D anime illustration; adult figure; adult-rated source,"Popular R-18 search 2025-09-27..2026-09-27 (curvy, 5292 bookmarks). Metadata screen passed. Full-size review is still required before training.",3000,4000,laliberte,R-18,no,,5292,pending,pixiv_popular_date_window,2026-05-25,curvy,hot
pixiv,https://www.pixiv.net/artworks/139140273,139140273,サンタになった幼馴染みの爆乳お姉ちゃんに種付けプレス,R-18|爆乳|オリジナル|年上|幼馴染|お姉さん|中出し|クリスマス|種付けプレス,adult,2D anime illustration; original character; adult-rated source,"Popular R-18 search 2025-09-27..2026-09-27 (average, 5251 bookmarks). Metadata screen passed. Full-size review is still required before training.",1200,1600,わさわ＠skeb受付中！,R-18,no,,5251,pending,pixiv_popular_date_window,2025-12-27,average,hot
pixiv,https://www.pixiv.net/artworks/139343730,139343730,新年もよろしくお願いします。,R-18|ラブラブ|純愛|女性上位|巨乳|爆乳|マゾ治療|男性受け|謹賀新年|見せない構図,adult,2D anime illustration; adult figure; adult-rated source,"Popular R-18 search 2025-09-27..2026-09-27 (curvy, 4944 bookmarks). Metadata screen passed. Full-size review is still required before training.",1315,1640,えいじあ/Eisia,R-18,no,,4944,pending,pixiv_popular_date_window,2025-12-31,curvy,hot
pixiv,https://www.pixiv.net/artworks/137956149,137956149,失恋のたび話を聞いてくれる大学の同期,R-18|お姉さん|おっぱい|即堕ち2コマシリーズ|乳見せ|でか乳輪|陥没乳首|縦セーター|酒|赤面,adult,2D anime illustration; adult-rated source,"Popular R-18 search 2025-09-27..2026-09-27 (average, 4822 bookmarks). Metadata screen passed. Full-size review is still required before training.",4448,6236,おすぬC108  エ_36b,R-18,no,,4822,pending,pixiv_popular_date_window,2025-11-27,average,hot
pixiv,https://www.pixiv.net/artworks/140742401,140742401,音声作品,R-18|お姉さん|爆乳|着衣巨乳|ノースリーブ|茶髪|笑顔,adult,2D anime illustration; smile; adult figure; adult-rated source,"Popular R-18 search 2025-09-27..2026-09-27 (average, 4688 bookmarks). Metadata screen passed. Full-size review is still required before training.",1152,864,ハヤブサ🐤,R-18,no,,4688,pending,pixiv_popular_date_window,2026-02-03,average,hot
pixiv,https://www.pixiv.net/artworks/146999106,146999106,pixivリクエスト#39,R-18|体格差|長身女性|巨乳|原創角色|oc|Sapphira_Nyx|中出し|男の娘×女の子|オリジナル3000users入り,adult,2D anime illustration; original character; adult figure; tall adult figure; adult-rated source,"Popular R-18 search 2025-09-27..2026-09-27 (curvy, 4668 bookmarks). Metadata screen passed. Full-size review is still required before training.",2480,3508,蟬,R-18,no,,4668,pending,pixiv_popular_date_window,2026-07-09,curvy,hot
pixiv,https://www.pixiv.net/artworks/137054358,137054358,ハロウィンダウナー研究者お姉さん　2,オリジナル|ダウナー研究者お姉さん|青空杏花|R-18|超可愛|ムレムレ|痴女|ハロウィン2025|この後滅茶苦茶,adult,2D anime illustration; original character; adult-rated source,"Popular R-18 search 2025-09-27..2026-09-27 (average, 4651 bookmarks). Metadata screen passed. Full-size review is still required before training.",2480,3508,優しい内臓,R-18,no,,4651,pending,pixiv_popular_date_window,2025-11-03,average,hot
pixiv,https://www.pixiv.net/artworks/138480642,138480642,引っ越しの挨拶に行ったらメンエスのお姉さんが出てきた話,R-18|即落ち2コマシリーズ|お姉さん|愛液トロトロおまんこ|女性上位|巨乳|騎乗位|メンエス|生挿入|ギャル,adult,2D anime illustration; adult figure; adult-rated source,"Popular R-18 search 2025-09-27..2026-09-27 (curvy, 4499 bookmarks). Metadata screen passed. Full-size review is still required before training.",4332,6307,おすぬC108  エ_36b,R-18,no,,4499,pending,pixiv_popular_date_window,2025-12-11,curvy,hot
pixiv,https://www.pixiv.net/artworks/148024690,148024690,ダンサーお姉さん,R-18|巨乳|爆乳|ダンサー|黒髪ロング|黒髪|お姉さん|踊り子|乳ぼくろ|マニキュア,adult,2D anime illustration; adult figure; adult-rated source,"Popular R-18 search 2025-09-27..2026-09-27 (average, 4326 bookmarks). Metadata screen passed. Full-size review is still required before training.",1421,1066,ハヤブサ🐤,R-18,no,,4326,pending,pixiv_popular_date_window,2026-08-04,average,hot
pixiv,https://www.pixiv.net/artworks/144578174,144578174,絶頂サポート,R-18|お姉さん|玩具|吸うやつ|クリ責め|吸引バイブ,adult,2D anime illustration; adult-rated source,"Popular R-18 search 2025-09-27..2026-09-27 (average, 4313 bookmarks). Metadata screen passed. Full-size review is still required before training.",1157,1556,床下収納王🔞,R-18,no,,4313,pending,pixiv_popular_date_window,2026-05-09,average,hot
pixiv,https://www.pixiv.net/artworks/139199647,139199647,『隣の部屋の淫魔妻。』販売開始しました！,R-18|爆乳|巨乳|ラブラブ|純愛|色仕掛け|同人誌|ツインテール|お姉さん,adult,2D anime illustration; adult figure; adult-rated source,"Popular R-18 search 2025-09-27..2026-09-27 (average, 4270 bookmarks). Metadata screen passed. Full-size review is still required before training.",4299,6071,えいじあ/Eisia,R-18,no,,4270,pending,pixiv_popular_date_window,2025-12-28,average,hot
pixiv,https://www.pixiv.net/artworks/145072184,145072184,俺を好きすぎるギャルが色仕掛けでアピールしてくる,R-18|お姉さん|ギャル|巨乳|長瀬徹,adult,2D anime illustration; adult figure; adult-rated source,"Popular R-18 search 2025-09-27..2026-09-27 (average, 4172 bookmarks). Metadata screen passed. Full-size review is still required before training.",4514,7016,長瀬 徹＠新刊配信中！,R-18,no,,4172,pending,pixiv_popular_date_window,2026-05-22,average,hot
pixiv,https://www.pixiv.net/artworks/138575445,138575445,🐺💗②,R-18|女の子|オリジナル|魅惑のふともも|お姉さん|イラスト|極上の乳|おなか|ピアス|創作,adult,2D anime illustration; original character; adult-rated source,"Popular R-18 search 2025-09-27..2026-09-27 (average, 4137 bookmarks). Metadata screen passed. Full-size review is still required before training.",1568,1176,gaku,R-18,no,,4137,pending,pixiv_popular_date_window,2025-12-13,average,hot
pixiv,https://www.pixiv.net/artworks/143261753,143261753,ダウナー研究者お姉さんスク水素股,R-18|オリジナル|青空杏花|ダウナー研究者お姉さん|スク水|素股|くんかくんか|くさい|太ももからこんにちは,adult,2D anime illustration; original character; adult-rated source,"Popular R-18 search 2025-09-27..2026-09-27 (average, 4003 bookmarks). Metadata screen passed. Full-size review is still required before training.",4535,6307,優しい内臓,R-18,no,,4003,pending,pixiv_popular_date_window,2026-04-07,average,hot
pixiv,https://www.pixiv.net/artworks/138220605,138220605,官能小説好きがバレた古本屋の店長31歳,R-18|即落ち2コマシリーズ|お姉さん|乳見せ|ビッチ|めがね|縦セーター|陥没乳首|長乳|おっぱい,adult,2D anime illustration; adult-rated source,"Popular R-18 search 2025-09-27..2026-09-27 (average, 3983 bookmarks). Metadata screen passed. Full-size review is still required before training.",4535,6307,おすぬC108  エ_36b,R-18,no,,3983,pending,pixiv_popular_date_window,2025-12-04,average,hot
pixiv,https://www.pixiv.net/artworks/144727334,144727334,ダウナー研究者お姉さん犬コス漫画追加しました！,R-18|ダウナー研究者お姉さん|青空杏花|犬耳|アナル尻尾|陰毛,adult,2D anime illustration; adult-rated source,"Popular R-18 search 2025-09-27..2026-09-27 (average, 3937 bookmarks). Metadata screen passed. Full-size review is still required before training.",4535,6307,優しい内臓,R-18,no,,3937,pending,pixiv_popular_date_window,2026-05-13,average,hot
pixiv,https://www.pixiv.net/artworks/136580199,136580199,ローション,R-18|おへそ|へそピアス|巨乳|魅惑のふともも|お姉さん,adult,2D anime illustration; adult figure; adult-rated source,"Popular R-18 search 2025-09-27..2026-09-27 (average, 3896 bookmarks). Metadata screen passed. Full-size review is still required before training.",4085,5218,Nekobell,R-18,no,,3896,pending,pixiv_popular_date_window,2025-10-22,average,hot
pixiv,https://www.pixiv.net/artworks/135678801,135678801,小さい先輩とメカクレ後輩,R-18|オリジナル|巨乳|おっぱい|女性上位|メカクレ|スパイダー騎乗位|逆体格差,adult,2D anime illustration; original character; adult figure; adult-rated source,"Popular R-18 search 2025-09-27..2026-09-27 (curvy, 3694 bookmarks). Metadata screen passed. Full-size review is still required before training.",1750,3000,たみねた,R-18,no,,3694,pending,pixiv_popular_date_window,2025-09-29,curvy,hot
pixiv,https://www.pixiv.net/artworks/141854653,141854653,pixivアカウント復活,R-18|おっぱい|巨乳|ドMホイホイ|ぽっちゃり|乳首責め|ボンデージ|ピンクは淫乱|女性上位,adult,2D anime illustration; adult figure; adult-rated source,"Popular R-18 search 2025-09-27..2026-09-27 (curvy, 3485 bookmarks). Metadata screen passed. Full-size review is still required before training.",1290,1821,右の人みつる,R-18,no,,3485,pending,pixiv_popular_date_window,2026-03-03,curvy,hot
pixiv,https://www.pixiv.net/artworks/140020834,140020834,にせもの♡おま◯こ♡,R-18|女性優位|女性上位|オナホコキ|巨乳|言葉責め|黒髪|おっぱい|お仕置き|変態,adult,2D anime illustration; adult figure; adult-rated source,"Popular R-18 search 2025-09-27..2026-09-27 (curvy, 3338 bookmarks). Metadata screen passed. Full-size review is still required before training.",1191,1684,星井情,R-18,no,,3338,pending,pixiv_popular_date_window,2026-01-16,curvy,hot
pixiv,https://www.pixiv.net/artworks/137205420,137205420,予告ズリ,R-18|パイズリ|女性上位|乳内射精|おっぱい|巨乳輪|ドMホイホイ|男性受け,adult,2D anime illustration; adult figure; adult-rated source,"Popular R-18 search 2025-09-27..2026-09-27 (curvy, 3310 bookmarks). Metadata screen passed. Full-size review is still required before training.",1449,2100,浅目蛾雨,R-18,no,,3310,pending,pixiv_popular_date_window,2025-11-07,curvy,hot
pixiv,https://www.pixiv.net/artworks/145624392,145624392,フヂミネちゃん😍,R-18|魔男のイチ|フヂミネ|姫カット|お姉さん|まんこ|対面座位|スレンダー|おっぱい|巨乳,adult,2D anime illustration; adult figure; slim adult; adult-rated source,"Popular R-18 search 2025-09-27..2026-09-27 (slim, 896 bookmarks). Metadata screen passed. Full-size review is still required before training.",5197,7323,ズリじぃ,R-18,no,,896,pending,pixiv_popular_date_window,2026-06-05,slim,hot
